dc1,dc2,cNx,ht,lg1,Nx,Ny,c,f,i,L(uH),Pw(W),Pc(W),V(mm³),S(mm²),P
6.0 ,2.4 ,9.0 ,2.4 ,0.5 ,9.0 ,6.0 ,1.0 ,200.0 ,1.0 ,302.0 ,0.8 ,0.9 ,9703.4 ,800.6 ,1.7 
6.0 ,2.4 ,10.0 ,2.4 ,0.7 ,10.0 ,6.0 ,1.0 ,200.0 ,1.0 ,297.4 ,1.1 ,0.6 ,11131.6 ,918.4 ,1.7 
7.0 ,2.8 ,18.0 ,2.8 ,0.8 ,9.0 ,6.0 ,2.0 ,200.0 ,1.0 ,297.1 ,1.5 ,0.9 ,43048.9 ,2277.7 ,2.3 
8.0 ,3.1 ,14.0 ,3.1 ,0.5 ,7.0 ,6.0 ,2.0 ,200.0 ,1.0 ,297.9 ,0.8 ,1.2 ,33180.3 ,1686.0 ,1.9 
8.0 ,3.1 ,17.5 ,3.1 ,0.5 ,7.0 ,6.0 ,2.5 ,200.0 ,1.0 ,300.0 ,0.9 ,1.4 ,52444.1 ,2312.4 ,2.3 
8.0 ,3.1 ,8.0 ,3.1 ,0.7 ,8.0 ,6.0 ,1.0 ,200.0 ,1.0 ,299.1 ,0.7 ,0.5 ,11494.4 ,840.2 ,1.2 
8.0 ,3.1 ,12.0 ,3.1 ,0.7 ,8.0 ,6.0 ,1.5 ,200.0 ,1.0 ,302.9 ,0.9 ,0.7 ,22886.2 ,1372.1 ,1.6 
8.0 ,3.1 ,13.5 ,3.1 ,1.0 ,9.0 ,6.0 ,1.5 ,200.0 ,1.0 ,302.0 ,1.3 ,0.5 ,26763.3 ,1604.5 ,1.8 
8.0 ,3.1 ,10.0 ,3.1 ,1.3 ,10.0 ,6.0 ,1.0 ,200.0 ,1.0 ,302.8 ,1.3 ,0.3 ,14913.3 ,1090.2 ,1.6 
9.0 ,3.5 ,8.0 ,3.5 ,0.9 ,8.0 ,6.0 ,1.0 ,200.0 ,1.0 ,302.1 ,0.8 ,0.4 ,13307.6 ,920.3 ,1.1 
9.0 ,3.5 ,13.5 ,3.5 ,1.3 ,9.0 ,6.0 ,1.5 ,200.0 ,1.0 ,301.7 ,1.4 ,0.4 ,29946.8 ,1715.2 ,1.8 
9.0 ,3.5 ,18.0 ,3.5 ,1.4 ,9.0 ,6.0 ,2.0 ,200.0 ,1.0 ,299.2 ,1.8 ,0.4 ,52081.0 ,2545.5 ,2.2 
9.0 ,3.5 ,10.0 ,3.5 ,1.7 ,10.0 ,6.0 ,1.0 ,200.0 ,1.0 ,302.2 ,1.5 ,0.2 ,17082.2 ,1181.3 ,1.7 
9.0 ,3.5 ,15.0 ,3.5 ,1.9 ,10.0 ,6.0 ,1.5 ,200.0 ,1.0 ,297.1 ,2.0 ,0.2 ,34465.1 ,1973.9 ,2.2 
10.0 ,3.9 ,6.0 ,3.9 ,0.2 ,4.0 ,6.0 ,1.5 ,200.0 ,1.0 ,301.1 ,0.1 ,1.9 ,13955.1 ,764.2 ,2.1 
10.0 ,3.9 ,8.0 ,3.9 ,0.2 ,4.0 ,6.0 ,2.0 ,200.0 ,1.0 ,299.1 ,0.2 ,2.3 ,21355.3 ,1004.5 ,2.5 
10.0 ,3.9 ,10.0 ,3.9 ,0.2 ,4.0 ,6.0 ,2.5 ,200.0 ,1.0 ,297.4 ,0.2 ,2.6 ,30973.3 ,1276.7 ,2.8 
10.0 ,3.9 ,7.0 ,3.9 ,0.8 ,7.0 ,6.0 ,1.0 ,200.0 ,1.0 ,299.6 ,0.6 ,0.4 ,13434.4 ,880.4 ,0.9 
10.0 ,3.9 ,16.0 ,3.9 ,1.2 ,8.0 ,6.0 ,2.0 ,200.0 ,1.0 ,300.9 ,1.3 ,0.4 ,48588.5 ,2285.4 ,1.8 
10.0 ,3.9 ,13.5 ,3.9 ,1.7 ,9.0 ,6.0 ,1.5 ,200.0 ,1.0 ,297.1 ,1.6 ,0.2 ,33418.4 ,1830.1 ,1.8 
10.0 ,3.9 ,18.0 ,3.9 ,1.8 ,9.0 ,6.0 ,2.0 ,200.0 ,1.0 ,298.3 ,1.9 ,0.3 ,57097.6 ,2685.7 ,2.2 
10.0 ,3.9 ,15.0 ,3.9 ,2.4 ,10.0 ,6.0 ,1.5 ,200.0 ,1.0 ,299.1 ,2.1 ,0.2 ,38297.1 ,2097.3 ,2.3 
11.0 ,4.3 ,10.5 ,4.3 ,1.0 ,7.0 ,6.0 ,1.5 ,200.0 ,1.0 ,301.6 ,0.8 ,0.4 ,27625.1 ,1450.9 ,1.2 
11.0 ,4.3 ,8.0 ,4.3 ,1.4 ,8.0 ,6.0 ,1.0 ,200.0 ,1.0 ,300.7 ,0.9 ,0.2 ,17510.8 ,1091.7 ,1.1 
11.0 ,4.3 ,16.0 ,4.3 ,1.5 ,8.0 ,6.0 ,2.0 ,200.0 ,1.0 ,298.6 ,1.4 ,0.3 ,53273.7 ,2417.1 ,1.8 
11.0 ,4.3 ,13.5 ,4.3 ,2.1 ,9.0 ,6.0 ,1.5 ,200.0 ,1.0 ,298.5 ,1.7 ,0.2 ,37088.7 ,1947.9 ,1.9 
11.0 ,4.3 ,18.0 ,4.3 ,2.2 ,9.0 ,6.0 ,2.0 ,200.0 ,1.0 ,301.7 ,2.0 ,0.2 ,62340.1 ,2828.5 ,2.3 
11.0 ,4.3 ,10.0 ,4.3 ,2.7 ,10.0 ,6.0 ,1.0 ,200.0 ,1.0 ,297.3 ,1.7 ,0.1 ,22055.9 ,1375.1 ,1.8 
11.0 ,4.3 ,15.0 ,4.3 ,3.0 ,10.0 ,6.0 ,1.5 ,200.0 ,1.0 ,297.8 ,2.3 ,0.1 ,42334.6 ,2223.5 ,2.4 
12.0 ,4.7 ,4.0 ,4.7 ,0.3 ,4.0 ,6.0 ,1.0 ,200.0 ,1.0 ,298.4 ,0.1 ,0.9 ,11597.5 ,689.5 ,1.1 
12.0 ,4.7 ,6.0 ,4.7 ,0.3 ,4.0 ,6.0 ,1.5 ,200.0 ,1.0 ,301.0 ,0.2 ,1.2 ,18234.2 ,920.0 ,1.4 
12.0 ,4.7 ,8.0 ,4.7 ,0.3 ,4.0 ,6.0 ,2.0 ,200.0 ,1.0 ,299.0 ,0.2 ,1.4 ,26983.9 ,1182.5 ,1.6 
12.0 ,4.7 ,10.0 ,4.7 ,0.3 ,4.0 ,6.0 ,2.5 ,200.0 ,1.0 ,297.3 ,0.2 ,1.6 ,38134.8 ,1476.9 ,1.8 
12.0 ,4.7 ,6.0 ,4.7 ,0.8 ,6.0 ,6.0 ,1.0 ,200.0 ,1.0 ,297.8 ,0.4 ,0.3 ,15474.2 ,920.0 ,0.7 
12.0 ,4.7 ,9.0 ,4.7 ,0.8 ,6.0 ,6.0 ,1.5 ,200.0 ,1.0 ,301.5 ,0.5 ,0.4 ,26275.5 ,1325.7 ,1.0 
12.0 ,4.7 ,8.0 ,4.7 ,1.7 ,8.0 ,6.0 ,1.0 ,200.0 ,1.0 ,299.5 ,1.0 ,0.2 ,19889.1 ,1182.5 ,1.1 
12.0 ,4.7 ,16.0 ,4.7 ,1.8 ,8.0 ,6.0 ,2.0 ,200.0 ,1.0 ,302.7 ,1.5 ,0.3 ,58245.5 ,2552.4 ,1.8 
12.0 ,4.7 ,13.5 ,4.7 ,2.5 ,9.0 ,6.0 ,1.5 ,200.0 ,1.0 ,301.9 ,1.8 ,0.2 ,41013.3 ,2069.3 ,1.9 
12.0 ,4.7 ,18.0 ,4.7 ,2.7 ,9.0 ,6.0 ,2.0 ,200.0 ,1.0 ,300.7 ,2.2 ,0.2 ,67886.5 ,2974.9 ,2.4 
12.0 ,4.7 ,10.0 ,4.7 ,3.2 ,10.0 ,6.0 ,1.0 ,200.0 ,1.0 ,301.9 ,1.8 ,0.1 ,24842.3 ,1476.9 ,1.9 
12.0 ,4.7 ,15.0 ,4.7 ,3.6 ,10.0 ,6.0 ,1.5 ,200.0 ,1.0 ,301.7 ,2.4 ,0.1 ,46639.4 ,2353.1 ,2.6 
13.0 ,5.1 ,5.0 ,5.1 ,0.6 ,5.0 ,6.0 ,1.0 ,200.0 ,1.0 ,301.4 ,0.3 ,0.4 ,15486.0 ,878.9 ,0.7 
13.0 ,5.1 ,15.0 ,5.1 ,1.0 ,6.0 ,6.0 ,2.5 ,200.0 ,1.0 ,297.8 ,0.8 ,0.5 ,66211.6 ,2487.3 ,1.3 
13.0 ,5.1 ,18.0 ,5.1 ,1.0 ,6.0 ,6.0 ,3.0 ,200.0 ,1.0 ,299.4 ,0.9 ,0.6 ,92586.4 ,3125.8 ,1.5 
13.0 ,5.1 ,7.0 ,5.1 ,1.4 ,7.0 ,6.0 ,1.0 ,200.0 ,1.0 ,301.1 ,0.7 ,0.2 ,20026.3 ,1136.6 ,0.9 
13.0 ,5.1 ,14.0 ,5.1 ,1.5 ,7.0 ,6.0 ,2.0 ,200.0 ,1.0 ,297.5 ,1.1 ,0.3 ,54100.4 ,2290.4 ,1.4 
13.0 ,5.1 ,17.5 ,5.1 ,1.5 ,7.0 ,6.0 ,2.5 ,200.0 ,1.0 ,300.7 ,1.3 ,0.3 ,80243.0 ,3014.4 ,1.6 
13.0 ,5.1 ,8.0 ,5.1 ,2.0 ,8.0 ,6.0 ,1.0 ,200.0 ,1.0 ,302.5 ,1.0 ,0.1 ,22507.9 ,1277.4 ,1.1 
13.0 ,5.1 ,12.0 ,5.1 ,2.1 ,8.0 ,6.0 ,1.5 ,200.0 ,1.0 ,301.3 ,1.4 ,0.2 ,39606.2 ,1920.8 ,1.5 
13.0 ,5.1 ,16.0 ,5.1 ,2.2 ,8.0 ,6.0 ,2.0 ,200.0 ,1.0 ,299.7 ,1.6 ,0.2 ,63588.1 ,2692.1 ,1.8 
13.0 ,5.1 ,9.0 ,5.1 ,2.8 ,9.0 ,6.0 ,1.0 ,200.0 ,1.0 ,300.6 ,1.4 ,0.1 ,25130.5 ,1426.2 ,1.5 
13.0 ,5.1 ,13.5 ,5.1 ,3.0 ,9.0 ,6.0 ,1.5 ,200.0 ,1.0 ,300.6 ,1.9 ,0.1 ,45261.5 ,2195.0 ,2.0 
13.0 ,5.1 ,18.0 ,5.1 ,3.2 ,9.0 ,6.0 ,2.0 ,200.0 ,1.0 ,302.5 ,2.3 ,0.1 ,73831.6 ,3125.8 ,2.5 
13.0 ,5.1 ,10.0 ,5.1 ,3.9 ,10.0 ,6.0 ,1.0 ,200.0 ,1.0 ,299.7 ,1.9 ,0.1 ,27894.0 ,1583.1 ,2.0 
14.0 ,5.5 ,5.0 ,5.5 ,0.7 ,5.0 ,6.0 ,1.0 ,200.0 ,1.0 ,302.6 ,0.3 ,0.4 ,17666.2 ,960.1 ,0.6 
14.0 ,5.5 ,6.0 ,5.5 ,1.1 ,6.0 ,6.0 ,1.0 ,200.0 ,1.0 ,302.4 ,0.5 ,0.2 ,20065.6 ,1090.5 ,0.7 
14.0 ,5.5 ,10.5 ,5.5 ,1.7 ,7.0 ,6.0 ,1.5 ,200.0 ,1.0 ,302.0 ,1.0 ,0.2 ,38013.2 ,1776.3 ,1.2 
14.0 ,5.5 ,17.5 ,5.5 ,1.8 ,7.0 ,6.0 ,2.5 ,200.0 ,1.0 ,297.0 ,1.4 ,0.3 ,86724.3 ,3165.1 ,1.6 
14.0 ,5.5 ,8.0 ,5.5 ,2.4 ,8.0 ,6.0 ,1.0 ,200.0 ,1.0 ,298.2 ,1.1 ,0.1 ,25305.9 ,1375.3 ,1.2 
14.0 ,5.5 ,12.0 ,5.5 ,2.5 ,8.0 ,6.0 ,1.5 ,200.0 ,1.0 ,298.7 ,1.4 ,0.1 ,43675.7 ,2040.9 ,1.6 
14.0 ,5.5 ,16.0 ,5.5 ,2.6 ,8.0 ,6.0 ,2.0 ,200.0 ,1.0 ,299.6 ,1.7 ,0.2 ,69162.3 ,2834.5 ,1.9 
14.0 ,5.5 ,9.0 ,5.5 ,3.3 ,9.0 ,6.0 ,1.0 ,200.0 ,1.0 ,300.2 ,1.5 ,0.1 ,28146.8 ,1529.7 ,1.6 
14.0 ,5.5 ,13.5 ,5.5 ,3.5 ,9.0 ,6.0 ,1.5 ,200.0 ,1.0 ,302.2 ,2.0 ,0.1 ,49723.3 ,2323.5 ,2.1 
14.0 ,5.5 ,18.0 ,5.5 ,3.8 ,9.0 ,6.0 ,2.0 ,200.0 ,1.0 ,302.4 ,2.4 ,0.1 ,80015.4 ,3279.3 ,2.6 
14.0 ,5.5 ,18.0 ,5.5 ,3.9 ,9.0 ,6.0 ,2.0 ,200.0 ,1.0 ,297.8 ,2.5 ,0.1 ,80015.4 ,3279.3 ,2.6 
15.0 ,5.9 ,2.0 ,5.9 ,0.1 ,2.0 ,6.0 ,1.0 ,200.0 ,1.0 ,300.5 ,0.0 ,2.9 ,13138.9 ,685.0 ,2.9 
15.0 ,5.9 ,6.0 ,5.9 ,1.3 ,6.0 ,6.0 ,1.0 ,200.0 ,1.0 ,298.1 ,0.5 ,0.2 ,22649.1 ,1180.9 ,0.7 
15.0 ,5.9 ,7.0 ,5.9 ,1.9 ,7.0 ,6.0 ,1.0 ,200.0 ,1.0 ,302.1 ,0.8 ,0.1 ,25410.3 ,1324.8 ,0.9 
15.0 ,5.9 ,10.5 ,5.9 ,2.0 ,7.0 ,6.0 ,1.5 ,200.0 ,1.0 ,299.4 ,1.0 ,0.2 ,41957.7 ,1891.7 ,1.2 
15.0 ,5.9 ,17.5 ,5.9 ,2.1 ,7.0 ,6.0 ,2.5 ,200.0 ,1.0 ,298.4 ,1.4 ,0.2 ,93541.0 ,3319.4 ,1.6 
15.0 ,5.9 ,8.0 ,5.9 ,2.8 ,8.0 ,6.0 ,1.0 ,200.0 ,1.0 ,297.5 ,1.2 ,0.1 ,28324.9 ,1476.8 ,1.2 
15.0 ,5.9 ,12.0 ,5.9 ,2.9 ,8.0 ,6.0 ,1.5 ,200.0 ,1.0 ,299.3 ,1.5 ,0.1 ,48011.5 ,2164.6 ,1.6 
15.0 ,5.9 ,16.0 ,5.9 ,3.0 ,8.0 ,6.0 ,2.0 ,200.0 ,1.0 ,301.2 ,1.8 ,0.1 ,75048.3 ,2980.5 ,2.0 
15.0 ,5.9 ,9.0 ,5.9 ,3.8 ,9.0 ,6.0 ,1.0 ,200.0 ,1.0 ,302.0 ,1.6 ,0.1 ,31392.9 ,1636.8 ,1.6 
16.0 ,6.3 ,6.0 ,6.3 ,1.5 ,6.0 ,6.0 ,1.0 ,200.0 ,1.0 ,297.2 ,0.5 ,0.1 ,25444.7 ,1274.8 ,0.7 
16.0 ,6.3 ,9.0 ,6.3 ,1.5 ,6.0 ,6.0 ,1.5 ,200.0 ,1.0 ,302.3 ,0.7 ,0.2 ,40119.0 ,1747.3 ,0.9 
16.0 ,6.3 ,7.0 ,6.3 ,2.2 ,7.0 ,6.0 ,1.0 ,200.0 ,1.0 ,300.9 ,0.8 ,0.1 ,28429.1 ,1424.3 ,0.9 
16.0 ,6.3 ,10.5 ,6.3 ,2.3 ,7.0 ,6.0 ,1.5 ,200.0 ,1.0 ,299.8 ,1.1 ,0.1 ,46163.9 ,2010.6 ,1.2 
16.0 ,6.3 ,8.0 ,6.3 ,3.2 ,8.0 ,6.0 ,1.0 ,200.0 ,1.0 ,299.1 ,1.2 ,0.1 ,31573.2 ,1581.8 ,1.3 
16.0 ,6.3 ,12.0 ,6.3 ,3.3 ,8.0 ,6.0 ,1.5 ,200.0 ,1.0 ,302.1 ,1.6 ,0.1 ,52622.1 ,2291.9 ,1.7 
16.0 ,6.3 ,16.0 ,6.3 ,3.5 ,8.0 ,6.0 ,2.0 ,200.0 ,1.0 ,298.7 ,1.9 ,0.1 ,81254.4 ,3130.0 ,2.0 
17.0 ,6.7 ,10.0 ,6.7 ,1.1 ,5.0 ,6.0 ,2.0 ,200.0 ,1.0 ,298.9 ,0.5 ,0.3 ,54626.4 ,2041.3 ,0.8 
17.0 ,6.7 ,12.5 ,6.7 ,1.1 ,5.0 ,6.0 ,2.5 ,200.0 ,1.0 ,301.0 ,0.6 ,0.4 ,75118.5 ,2524.1 ,1.0 
17.0 ,6.7 ,6.0 ,6.7 ,1.7 ,6.0 ,6.0 ,1.0 ,200.0 ,1.0 ,298.7 ,0.6 ,0.1 ,28500.7 ,1372.9 ,0.7 
17.0 ,6.7 ,15.0 ,6.7 ,1.8 ,6.0 ,6.0 ,2.5 ,200.0 ,1.0 ,299.6 ,1.0 ,0.2 ,90974.7 ,3056.9 ,1.2 
17.0 ,6.7 ,7.0 ,6.7 ,2.5 ,7.0 ,6.0 ,1.0 ,200.0 ,1.0 ,302.1 ,0.9 ,0.1 ,31720.9 ,1528.0 ,1.0 
17.0 ,6.7 ,10.5 ,6.7 ,2.6 ,7.0 ,6.0 ,1.5 ,200.0 ,1.0 ,302.3 ,1.1 ,0.1 ,50701.6 ,2133.9 ,1.2 
17.0 ,6.7 ,14.0 ,6.7 ,2.7 ,7.0 ,6.0 ,2.0 ,200.0 ,1.0 ,300.6 ,1.4 ,0.1 ,75940.2 ,2837.8 ,1.5 
17.0 ,6.7 ,8.0 ,6.7 ,3.6 ,8.0 ,6.0 ,1.0 ,200.0 ,1.0 ,302.4 ,1.3 ,0.1 ,35107.3 ,1691.1 ,1.3 
17.0 ,6.7 ,12.0 ,6.7 ,3.8 ,8.0 ,6.0 ,1.5 ,200.0 ,1.0 ,300.4 ,1.6 ,0.1 ,57584.4 ,2423.6 ,1.7 
18.0 ,7.1 ,5.0 ,7.1 ,1.2 ,5.0 ,6.0 ,1.0 ,200.0 ,1.0 ,301.8 ,0.4 ,0.2 ,28459.4 ,1321.2 ,0.5 
18.0 ,7.1 ,6.0 ,7.1 ,1.9 ,6.0 ,6.0 ,1.0 ,200.0 ,1.0 ,301.2 ,0.6 ,0.1 ,31748.2 ,1473.9 ,0.7 
18.0 ,7.1 ,12.0 ,7.1 ,2.0 ,6.0 ,6.0 ,2.0 ,200.0 ,1.0 ,300.5 ,0.9 ,0.2 ,70447.2 ,2558.0 ,1.1 
18.0 ,7.1 ,10.5 ,7.1 ,3.0 ,7.0 ,6.0 ,1.5 ,200.0 ,1.0 ,298.3 ,1.2 ,0.1 ,55459.8 ,2260.0 ,1.3 
18.0 ,7.1 ,14.0 ,7.1 ,3.1 ,7.0 ,6.0 ,2.0 ,200.0 ,1.0 ,297.8 ,1.4 ,0.1 ,82161.6 ,2983.4 ,1.5 
19.0 ,7.5 ,4.0 ,7.5 ,0.8 ,4.0 ,6.0 ,1.0 ,200.0 ,1.0 ,299.9 ,0.2 ,0.3 ,28347.5 ,1270.0 ,0.5 
19.0 ,7.5 ,6.0 ,7.5 ,0.8 ,4.0 ,6.0 ,1.5 ,200.0 ,1.0 ,302.1 ,0.3 ,0.3 ,39968.3 ,1578.5 ,0.6 
19.0 ,7.5 ,10.0 ,7.5 ,1.4 ,5.0 ,6.0 ,2.0 ,200.0 ,1.0 ,299.9 ,0.6 ,0.2 ,64894.9 ,2291.5 ,0.8 
19.0 ,7.5 ,12.5 ,7.5 ,1.4 ,5.0 ,6.0 ,2.5 ,200.0 ,1.0 ,302.5 ,0.7 ,0.3 ,87761.4 ,2802.1 ,0.9 
19.0 ,7.5 ,9.0 ,7.5 ,2.2 ,6.0 ,6.0 ,1.5 ,200.0 ,1.0 ,299.5 ,0.8 ,0.1 ,53203.6 ,2101.2 ,0.9 
19.0 ,7.5 ,7.0 ,7.5 ,3.2 ,7.0 ,6.0 ,1.0 ,200.0 ,1.0 ,301.3 ,0.9 ,0.1 ,38943.2 ,1744.8 ,1.0 
19.0 ,7.5 ,14.0 ,7.5 ,3.5 ,7.0 ,6.0 ,2.0 ,200.0 ,1.0 ,297.2 ,1.5 ,0.1 ,88710.9 ,3132.4 ,1.6 
20.0 ,7.9 ,4.0 ,7.9 ,0.9 ,4.0 ,6.0 ,1.0 ,200.0 ,1.0 ,297.7 ,0.2 ,0.2 ,31580.0 ,1367.1 ,0.4 
20.0 ,7.9 ,6.0 ,7.9 ,0.9 ,4.0 ,6.0 ,1.5 ,200.0 ,1.0 ,299.6 ,0.3 ,0.3 ,44022.9 ,1686.7 ,0.6 
20.0 ,7.9 ,8.0 ,7.9 ,0.9 ,4.0 ,6.0 ,2.0 ,200.0 ,1.0 ,302.4 ,0.3 ,0.4 ,59314.5 ,2038.3 ,0.7 
20.0 ,7.9 ,5.0 ,7.9 ,1.5 ,5.0 ,6.0 ,1.0 ,200.0 ,1.0 ,302.9 ,0.4 ,0.1 ,35179.0 ,1522.9 ,0.5 
20.0 ,7.9 ,12.5 ,7.9 ,1.6 ,5.0 ,6.0 ,2.5 ,200.0 ,1.0 ,297.6 ,0.7 ,0.2 ,94579.4 ,2946.4 ,0.9 
20.0 ,7.9 ,6.0 ,7.9 ,2.4 ,6.0 ,6.0 ,1.0 ,200.0 ,1.0 ,301.1 ,0.7 ,0.1 ,38962.8 ,1686.7 ,0.7 
20.0 ,7.9 ,12.0 ,7.9 ,2.5 ,6.0 ,6.0 ,2.0 ,200.0 ,1.0 ,302.2 ,1.0 ,0.1 ,82571.3 ,2837.5 ,1.1 
20.0 ,7.9 ,7.0 ,7.9 ,3.6 ,7.0 ,6.0 ,1.0 ,200.0 ,1.0 ,300.2 ,1.0 ,0.1 ,42931.4 ,1858.5 ,1.0 
20.0 ,7.9 ,10.5 ,7.9 ,3.8 ,7.0 ,6.0 ,1.5 ,200.0 ,1.0 ,297.0 ,1.3 ,0.1 ,65845.1 ,2522.8 ,1.3 
20.0 ,7.9 ,14.0 ,7.9 ,3.9 ,7.0 ,6.0 ,2.0 ,200.0 ,1.0 ,298.2 ,1.5 ,0.1 ,95596.4 ,3285.1 ,1.6 
21.0 ,8.3 ,4.0 ,8.3 ,1.0 ,4.0 ,6.0 ,1.0 ,200.0 ,1.0 ,297.5 ,0.2 ,0.2 ,35092.8 ,1468.3 ,0.4 
21.0 ,8.3 ,6.0 ,8.3 ,1.0 ,4.0 ,6.0 ,1.5 ,200.0 ,1.0 ,299.1 ,0.3 ,0.3 ,48396.3 ,1799.1 ,0.5 
21.0 ,8.3 ,8.0 ,8.3 ,1.0 ,4.0 ,6.0 ,2.0 ,200.0 ,1.0 ,302.5 ,0.3 ,0.3 ,64641.4 ,2161.9 ,0.7 
21.0 ,8.3 ,5.0 ,8.3 ,1.7 ,5.0 ,6.0 ,1.0 ,200.0 ,1.0 ,298.2 ,0.4 ,0.1 ,38950.3 ,1629.7 ,0.5 
21.0 ,8.3 ,7.5 ,8.3 ,1.7 ,5.0 ,6.0 ,1.5 ,200.0 ,1.0 ,302.4 ,0.5 ,0.1 ,55635.1 ,2068.2 ,0.7 
21.0 ,8.3 ,6.0 ,8.3 ,2.7 ,6.0 ,6.0 ,1.0 ,200.0 ,1.0 ,298.9 ,0.7 ,0.1 ,42999.0 ,1799.1 ,0.7 
21.0 ,8.3 ,12.0 ,8.3 ,2.8 ,6.0 ,6.0 ,2.0 ,200.0 ,1.0 ,301.0 ,1.0 ,0.1 ,89207.2 ,2983.5 ,1.2 
22.0 ,8.6 ,4.0 ,8.6 ,1.1 ,4.0 ,6.0 ,1.0 ,200.0 ,1.0 ,298.5 ,0.2 ,0.2 ,38809.6 ,1572.5 ,0.4 
22.0 ,8.6 ,6.0 ,8.6 ,1.1 ,4.0 ,6.0 ,1.5 ,200.0 ,1.0 ,299.8 ,0.3 ,0.2 ,52991.5 ,1914.4 ,0.5 
22.0 ,8.6 ,7.5 ,8.6 ,1.9 ,5.0 ,6.0 ,1.5 ,200.0 ,1.0 ,299.8 ,0.5 ,0.1 ,60671.0 ,2191.9 ,0.7 
22.0 ,8.6 ,10.0 ,8.6 ,1.9 ,5.0 ,6.0 ,2.0 ,200.0 ,1.0 ,302.9 ,0.6 ,0.2 ,82660.3 ,2694.3 ,0.8 
22.0 ,8.6 ,6.0 ,8.6 ,3.0 ,6.0 ,6.0 ,1.0 ,200.0 ,1.0 ,298.5 ,0.7 ,0.1 ,47248.2 ,1914.4 ,0.8 
22.0 ,8.6 ,9.0 ,8.6 ,3.0 ,6.0 ,6.0 ,1.5 ,200.0 ,1.0 ,302.9 ,0.9 ,0.1 ,68848.8 ,2487.3 ,1.0 
22.0 ,8.6 ,12.0 ,8.6 ,3.1 ,6.0 ,6.0 ,2.0 ,200.0 ,1.0 ,301.1 ,1.1 ,0.1 ,96095.7 ,3132.2 ,1.2 
23.0 ,9.0 ,4.0 ,9.0 ,1.2 ,4.0 ,6.0 ,1.0 ,200.0 ,1.0 ,300.5 ,0.2 ,0.2 ,42779.5 ,1680.3 ,0.4 
23.0 ,9.0 ,6.0 ,9.0 ,1.2 ,4.0 ,6.0 ,1.5 ,200.0 ,1.0 ,301.5 ,0.3 ,0.2 ,57867.8 ,2033.3 ,0.5 
23.0 ,9.0 ,7.5 ,9.0 ,2.1 ,5.0 ,6.0 ,1.5 ,200.0 ,1.0 ,298.9 ,0.6 ,0.1 ,66001.1 ,2319.1 ,0.7 
23.0 ,9.0 ,10.0 ,9.0 ,2.1 ,5.0 ,6.0 ,2.0 ,200.0 ,1.0 ,302.0 ,0.7 ,0.1 ,89201.2 ,2835.4 ,0.8 
23.0 ,9.0 ,6.0 ,9.0 ,3.3 ,6.0 ,6.0 ,1.0 ,200.0 ,1.0 ,299.1 ,0.7 ,0.1 ,51767.9 ,2033.3 ,0.8 
24.0 ,9.4 ,7.5 ,9.4 ,2.3 ,5.0 ,6.0 ,1.5 ,200.0 ,1.0 ,298.7 ,0.6 ,0.1 ,71633.8 ,2449.9 ,0.7 
24.0 ,9.4 ,10.0 ,9.4 ,2.3 ,5.0 ,6.0 ,2.0 ,200.0 ,1.0 ,302.5 ,0.7 ,0.1 ,96077.0 ,2980.1 ,0.8 
24.0 ,9.4 ,6.0 ,9.4 ,3.6 ,6.0 ,6.0 ,1.0 ,200.0 ,1.0 ,300.6 ,0.7 ,0.0 ,56566.5 ,2155.7 ,0.8 
24.0 ,9.4 ,9.0 ,9.4 ,3.7 ,6.0 ,6.0 ,1.5 ,200.0 ,1.0 ,298.8 ,1.0 ,0.1 ,80760.2 ,2762.0 ,1.0 
25.0 ,9.8 ,2.0 ,9.8 ,0.3 ,2.0 ,6.0 ,1.0 ,200.0 ,1.0 ,299.7 ,0.0 ,0.8 ,42284.5 ,1563.8 ,0.9 
25.0 ,9.8 ,3.0 ,9.8 ,0.3 ,2.0 ,6.0 ,1.5 ,200.0 ,1.0 ,300.4 ,0.1 ,0.9 ,52012.9 ,1731.5 ,1.0 
25.0 ,9.8 ,4.0 ,9.8 ,0.3 ,2.0 ,6.0 ,2.0 ,200.0 ,1.0 ,302.1 ,0.1 ,1.1 ,63011.8 ,1907.1 ,1.1 
25.0 ,9.8 ,5.0 ,9.8 ,0.3 ,2.0 ,6.0 ,2.5 ,200.0 ,1.0 ,301.7 ,0.1 ,1.2 ,75353.0 ,2090.8 ,1.3 
25.0 ,9.8 ,6.0 ,9.8 ,0.3 ,2.0 ,6.0 ,3.0 ,200.0 ,1.0 ,298.2 ,0.1 ,1.3 ,89108.6 ,2282.5 ,1.4 
25.0 ,9.8 ,7.5 ,9.8 ,2.5 ,5.0 ,6.0 ,1.5 ,200.0 ,1.0 ,300.7 ,0.6 ,0.1 ,77653.9 ,2585.0 ,0.7 
26.0 ,10.2 ,8.0 ,10.2 ,1.6 ,4.0 ,6.0 ,2.0 ,200.0 ,1.0 ,298.0 ,0.4 ,0.2 ,95729.1 ,2830.5 ,0.6 
26.0 ,10.2 ,5.0 ,10.2 ,2.7 ,5.0 ,6.0 ,1.0 ,200.0 ,1.0 ,298.8 ,0.5 ,0.1 ,61616.5 ,2214.8 ,0.6 
27.0 ,10.6 ,4.0 ,10.6 ,1.7 ,4.0 ,6.0 ,1.0 ,200.0 ,1.0 ,298.8 ,0.3 ,0.1 ,61421.4 ,2147.6 ,0.4 
27.0 ,10.6 ,6.0 ,10.6 ,1.7 ,4.0 ,6.0 ,1.5 ,200.0 ,1.0 ,299.6 ,0.3 ,0.1 ,80428.3 ,2545.2 ,0.5 
27.0 ,10.6 ,5.0 ,10.6 ,2.9 ,5.0 ,6.0 ,1.0 ,200.0 ,1.0 ,301.9 ,0.5 ,0.1 ,66992.6 ,2342.4 ,0.6 
27.0 ,10.6 ,7.5 ,10.6 ,3.0 ,5.0 ,6.0 ,1.5 ,200.0 ,1.0 ,297.9 ,0.6 ,0.1 ,90515.0 ,2864.4 ,0.7 
28.0 ,11.0 ,5.0 ,11.0 ,3.2 ,5.0 ,6.0 ,1.0 ,200.0 ,1.0 ,297.7 ,0.5 ,0.1 ,72745.0 ,2474.3 ,0.6 
28.0 ,11.0 ,7.5 ,11.0 ,3.2 ,5.0 ,6.0 ,1.5 ,200.0 ,1.0 ,301.8 ,0.7 ,0.1 ,97534.4 ,3010.3 ,0.7 
29.0 ,11.4 ,6.0 ,11.4 ,2.0 ,4.0 ,6.0 ,1.5 ,200.0 ,1.0 ,297.8 ,0.4 ,0.1 ,93666.9 ,2823.0 ,0.5 
29.0 ,11.4 ,5.0 ,11.4 ,3.4 ,5.0 ,6.0 ,1.0 ,200.0 ,1.0 ,302.0 ,0.5 ,0.0 ,78740.6 ,2609.0 ,0.6 
30.0 ,11.8 ,3.0 ,11.8 ,1.1 ,3.0 ,6.0 ,1.0 ,200.0 ,1.0 ,299.6 ,0.1 ,0.2 ,72206.9 ,2332.3 ,0.3 
30.0 ,11.8 ,4.5 ,11.8 ,1.1 ,3.0 ,6.0 ,1.5 ,200.0 ,1.0 ,300.7 ,0.2 ,0.2 ,89672.9 ,2640.5 ,0.4 
30.0 ,11.8 ,5.0 ,11.8 ,3.7 ,5.0 ,6.0 ,1.0 ,200.0 ,1.0 ,299.7 ,0.5 ,0.0 ,85056.5 ,2747.3 ,0.6 
